2017-10-04 10:09:00	3	28.8	28.8	28.76	28.76	"""N/A"""	47869
2017-10-04 10:10:00	3	28.77	28.78	28.7	28.73	"""N/A"""	18082
2017-10-04 10:11:00	3	28.72	28.74	28.7	28.72	"""N/A"""	21675
2017-10-04 10:12:00	3	28.71	28.735	28.685	28.71	"""N/A"""	17376
2017-10-04 10:13:00	3	28.71	28.76	28.71	28.75	"""N/A"""	12410
2017-10-04 10:14:00	3	28.76	28.76	28.74	28.745	"""N/A"""	4361
2017-10-04 10:15:00	3	28.75	28.77	28.73	28.735	"""N/A"""	19495
2017-10-04 10:16:00	3	28.735	28.75	28.71	28.72	"""N/A"""	26383
2017-10-04 10:17:00	3	28.72	28.72	28.7	28.7	"""N/A"""	6090
2017-10-04 10:18:00	3	28.71	28.73	28.71	28.72	"""N/A"""	5902
2017-10-04 10:19:00	3	28.72	28.72	28.715	28.72	"""N/A"""	2108
2017-10-04 10:20:00	3	28.725	28.73	28.72	28.72	"""N/A"""	2038
2017-10-04 10:21:00	3	28.72	28.72	28.69	28.69	"""N/A"""	5715
2017-10-04 10:22:00	3	28.69	28.7	28.67	28.68	"""N/A"""	3752
2017-10-04 10:23:00	3	28.68	28.7	28.68	28.69	"""N/A"""	2998
2017-10-04 10:24:00	3	28.69	28.71	28.69	28.695	"""N/A"""	8233
2017-10-04 10:25:00	3	28.695	28.71	28.69	28.71	"""N/A"""	10756
2017-10-04 10:26:00	3	28.705	28.705	28.69	28.69	"""N/A"""	9161
2017-10-04 10:27:00	3	28.69	28.69	28.68	28.68	"""N/A"""	643
2017-10-04 10:28:00	3	28.69	28.7	28.69	28.69	"""N/A"""	4384
2017-10-04 10:29:00	3	28.68	28.69	28.66	28.66	"""N/A"""	14347
2017-10-04 10:30:00	3	28.66	28.66	28.65	28.65	"""N/A"""	8802
2017-10-04 10:31:00	3	28.65	28.67	28.64	28.67	"""N/A"""	9333
2017-10-04 10:32:00	3	28.66	28.67	28.65	28.655	"""N/A"""	3338
2017-10-04 10:33:00	3	28.65	28.66	28.65	28.66	"""N/A"""	1354
2017-10-04 10:34:00	3	28.655	28.66	28.65	28.66	"""N/A"""	2818
2017-10-04 10:35:00	3	28.665	28.67	28.665	28.67	"""N/A"""	3769
2017-10-04 10:36:00	3	28.66	28.67	28.66	28.66	"""N/A"""	833
2017-10-04 10:37:00	3	28.67	28.69	28.67	28.68	"""N/A"""	9845
2017-10-04 10:38:00	3	28.68	28.68	28.67	28.67	"""N/A"""	2727
2017-10-04 10:39:00	3	28.67	28.67	28.65	28.655	"""N/A"""	4702
2017-10-04 10:40:00	3	28.655	28.66	28.65	28.65	"""N/A"""	1271
2017-10-04 10:41:00	3	28.65	28.66	28.65	28.66	"""N/A"""	4978
2017-10-04 10:42:00	3	28.66	28.66	28.65	28.655	"""N/A"""	4652
2017-10-04 10:43:00	3	28.655	28.655	28.64	28.64	"""N/A"""	3707
2017-10-04 10:44:00	3	28.645	28.65	28.64	28.645	"""N/A"""	5133
2017-10-04 10:45:00	3	28.64	28.645	28.64	28.645	"""N/A"""	866
2017-10-04 10:46:00	3	28.65	28.65	28.635	28.64	"""N/A"""	12541
2017-10-04 10:47:00	3	28.64	28.64	28.64	28.64	"""N/A"""	2224
2017-10-04 10:48:00	3	28.64	28.64	28.635	28.635	"""N/A"""	1407
2017-10-04 10:49:00	3	28.635	28.65	28.635	28.65	"""N/A"""	8745
2017-10-04 10:50:00	3	28.65	28.655	28.65	28.655	"""N/A"""	49
2017-10-04 10:51:00	3	28.655	28.66	28.64	28.645	"""N/A"""	3284
2017-10-04 10:52:00	3	28.64	28.66	28.64	28.66	"""N/A"""	3988
2017-10-04 10:53:00	3	28.66	28.66	28.645	28.65	"""N/A"""	4032
2017-10-04 10:54:00	3	28.65	28.65	28.645	28.645	"""N/A"""	1514
2017-10-04 10:55:00	3	28.65	28.65	28.645	28.645	"""N/A"""	186
2017-10-04 10:56:00	3	28.645	28.645	28.61	28.62	"""N/A"""	70210
2017-10-04 10:57:00	3	28.62	28.63	28.62	28.63	"""N/A"""	11081
2017-10-04 10:58:00	3	28.62	28.64	28.62	28.63	"""N/A"""	6346
2017-10-04 10:59:00	3	28.635	28.635	28.62	28.62	"""N/A"""	9039
2017-10-04 11:00:00	3	28.62	28.63	28.62	28.62	"""N/A"""	3617
2017-10-04 11:01:00	3	28.61	28.63	28.61	28.63	"""N/A"""	5909
2017-10-04 11:02:00	3	28.62	28.62	28.6	28.61	"""N/A"""	12467
2017-10-04 11:03:00	3	28.615	28.62	28.61	28.62	"""N/A"""	1701
2017-10-04 11:04:00	3	28.62	28.63	28.62	28.62	"""N/A"""	1608
2017-10-04 11:05:00	3	28.62	28.62	28.62	28.62	"""N/A"""	146
2017-10-04 11:06:00	3	28.62	28.62	28.61	28.61	"""N/A"""	2455
2017-10-04 11:07:00	3	28.61	28.61	28.59	28.59	"""N/A"""	12559
2017-10-04 11:08:00	3	28.59	28.59	28.58	28.58	"""N/A"""	2822
2017-10-04 11:09:00	3	28.58	28.59	28.56	28.56	"""N/A"""	8594
2017-10-04 11:10:00	3	28.56	28.58	28.55	28.555	"""N/A"""	14750
2017-10-04 11:11:00	3	28.555	28.57	28.55	28.565	"""N/A"""	27978
2017-10-04 11:12:00	3	28.565	28.565	28.56	28.565	"""N/A"""	1342
2017-10-04 11:13:00	3	28.565	28.59	28.56	28.59	"""N/A"""	9376
2017-10-04 11:14:00	3	28.59	28.6	28.59	28.6	"""N/A"""	10666
2017-10-04 11:15:00	3	28.6	28.6	28.57	28.59	"""N/A"""	36199
2017-10-04 11:16:00	3	28.595	28.595	28.57	28.58	"""N/A"""	8470
2017-10-04 11:17:00	3	28.57	28.59	28.57	28.59	"""N/A"""	3058
2017-10-04 11:18:00	3	28.58	28.59	28.57	28.58	"""N/A"""	2241
2017-10-04 11:19:00	3	28.58	28.58	28.56	28.56	"""N/A"""	7115
2017-10-04 11:20:00	3	28.56	28.57	28.56	28.57	"""N/A"""	5468
2017-10-04 11:21:00	3	28.57	28.58	28.57	28.58	"""N/A"""	2968
2017-10-04 11:22:00	3	28.58	28.6	28.58	28.6	"""N/A"""	27116
2017-10-04 11:23:00	3	28.6	28.6	28.58	28.59	"""N/A"""	20327
2017-10-04 11:24:00	3	28.59	28.6	28.58	28.59	"""N/A"""	3775
2017-10-04 11:25:00	3	28.585	28.585	28.56	28.56	"""N/A"""	2008
2017-10-04 11:26:00	3	28.57	28.58	28.55	28.55	"""N/A"""	7791
2017-10-04 11:27:00	3	28.56	28.57	28.56	28.56	"""N/A"""	1896
2017-10-04 11:28:00	3	28.57	28.585	28.57	28.585	"""N/A"""	1864
2017-10-04 11:29:00	3	28.585	28.585	28.58	28.58	"""N/A"""	1535
2017-10-04 11:30:00	3	28.58	28.59	28.58	28.58	"""N/A"""	11341
2017-10-04 11:31:00	3	28.58	28.59	28.58	28.585	"""N/A"""	831
2017-10-04 11:32:00	3	28.58	28.585	28.58	28.58	"""N/A"""	7119
2017-10-04 11:33:00	3	28.58	28.605	28.58	28.605	"""N/A"""	6693
2017-10-04 11:34:00	3	28.6	28.61	28.59	28.59	"""N/A"""	4234
2017-10-04 11:35:00	3	28.59	28.595	28.58	28.59	"""N/A"""	664
2017-10-04 11:36:00	3	28.59	28.59	28.58	28.58	"""N/A"""	1403
2017-10-04 11:37:00	3	28.58	28.585	28.58	28.58	"""N/A"""	980
2017-10-04 11:38:00	3	28.58	28.585	28.56	28.575	"""N/A"""	18756
2017-10-04 11:39:00	3	28.575	28.575	28.56	28.56	"""N/A"""	4391
2017-10-04 11:40:00	3	28.565	28.57	28.56	28.56	"""N/A"""	2247
2017-10-04 11:41:00	3	28.56	28.57	28.56	28.57	"""N/A"""	5470
2017-10-04 11:42:00	3	28.57	28.57	28.56	28.57	"""N/A"""	2820
2017-10-04 11:43:00	3	28.565	28.57	28.56	28.56	"""N/A"""	572
2017-10-04 11:44:00	3	28.56	28.57	28.56	28.56	"""N/A"""	3040
2017-10-04 11:45:00	3	28.56	28.57	28.56	28.56	"""N/A"""	6899
2017-10-04 11:46:00	3	28.57	28.6	28.57	28.59	"""N/A"""	25925
2017-10-04 11:47:00	3	28.6	28.61	28.59	28.6	"""N/A"""	9131
2017-10-04 11:48:00	3	28.61	28.61	28.6	28.6	"""N/A"""	1211
2017-10-04 11:49:00	3	28.6	28.6	28.6	28.6	"""N/A"""	243
2017-10-04 11:50:00	3	28.605	28.605	28.6	28.6	"""N/A"""	1069
2017-10-04 11:51:00	3	28.6	28.61	28.59	28.6	"""N/A"""	7829
2017-10-04 11:52:00	3	28.6	28.61	28.6	28.6	"""N/A"""	1903
2017-10-04 11:53:00	3	28.6	28.605	28.6	28.605	"""N/A"""	267
2017-10-04 11:54:00	3	28.6	28.61	28.59	28.6	"""N/A"""	4021
2017-10-04 11:55:00	3	28.6	28.605	28.6	28.6	"""N/A"""	2135
2017-10-04 11:56:00	3	28.6	28.6	28.58	28.59	"""N/A"""	6527
2017-10-04 11:57:00	3	28.58	28.59	28.57	28.58	"""N/A"""	5880
2017-10-04 11:58:00	3	28.57	28.57	28.57	28.57	"""N/A"""	3215
2017-10-04 11:59:00	3	28.57	28.595	28.57	28.58	"""N/A"""	2940
2017-10-04 12:00:00	3	28.58	28.585	28.58	28.58	"""N/A"""	1730
2017-10-04 12:01:00	3	28.58	28.58	28.56	28.58	"""N/A"""	5502
2017-10-04 12:02:00	3	28.58	28.58	28.57	28.58	"""N/A"""	2466
2017-10-04 12:03:00	3	28.57	28.59	28.57	28.59	"""N/A"""	2058
2017-10-04 12:04:00	3	28.59	28.6	28.59	28.6	"""N/A"""	5619
2017-10-04 12:05:00	3	28.6	28.6	28.59	28.6	"""N/A"""	1986
2017-10-04 12:06:00	3	28.59	28.6	28.575	28.59	"""N/A"""	4697
2017-10-04 12:07:00	3	28.58	28.59	28.58	28.58	"""N/A"""	2874
2017-10-04 12:08:00	3	28.59	28.59	28.585	28.59	"""N/A"""	696
2017-10-04 12:09:00	3	28.59	28.59	28.58	28.59	"""N/A"""	639
2017-10-04 12:10:00	3	28.58	28.585	28.58	28.585	"""N/A"""	544
2017-10-04 12:11:00	3	28.59	28.61	28.59	28.6	"""N/A"""	7250
2017-10-04 12:12:00	3	28.6	28.6	28.585	28.59	"""N/A"""	5978
2017-10-04 12:13:00	3	28.59	28.59	28.585	28.59	"""N/A"""	1604
2017-10-04 12:14:00	3	28.59	28.59	28.585	28.59	"""N/A"""	1287
2017-10-04 12:15:00	3	28.6	28.6	28.585	28.585	"""N/A"""	3530
2017-10-04 12:16:00	3	28.585	28.59	28.58	28.59	"""N/A"""	3839
2017-10-04 12:17:00	3	28.59	28.59	28.59	28.59	"""N/A"""	2834
2017-10-04 12:18:00	3	28.59	28.6	28.59	28.595	"""N/A"""	471
2017-10-04 12:19:00	3	28.59	28.605	28.59	28.605	"""N/A"""	5406
2017-10-04 12:20:00	3	28.605	28.61	28.605	28.61	"""N/A"""	328
2017-10-04 12:21:00	3	28.6	28.61	28.6	28.6	"""N/A"""	2532
2017-10-04 12:22:00	3	28.6	28.6	28.595	28.6	"""N/A"""	2670
2017-10-04 12:23:00	3	28.595	28.605	28.595	28.6	"""N/A"""	7028
2017-10-04 12:24:00	3	28.6	28.6	28.595	28.6	"""N/A"""	60
2017-10-04 12:25:00	3	28.595	28.595	28.595	28.595	"""N/A"""	88
2017-10-04 12:26:00	3	28.595	28.595	28.585	28.585	"""N/A"""	10381
2017-10-04 12:27:00	3	28.585	28.585	28.585	28.585	"""N/A"""	522
2017-10-04 12:28:00	3	28.585	28.59	28.585	28.59	"""N/A"""	166
2017-10-04 12:29:00	3	28.59	28.59	28.58	28.585	"""N/A"""	733
2017-10-04 12:30:00	3	28.585	28.595	28.585	28.59	"""N/A"""	3464
2017-10-04 12:31:00	3	28.595	28.595	28.59	28.59	"""N/A"""	341
2017-10-04 12:32:00	3	28.59	28.6	28.59	28.59	"""N/A"""	571
2017-10-04 12:33:00	3	28.6	28.6	28.59	28.59	"""N/A"""	304
2017-10-04 12:34:00	3	28.59	28.6	28.59	28.6	"""N/A"""	663
2017-10-04 12:35:00	3	28.59	28.6	28.585	28.59	"""N/A"""	3846
2017-10-04 12:36:00	3	28.59	28.6	28.585	28.59	"""N/A"""	1766
2017-10-04 12:37:00	3	28.585	28.585	28.58	28.585	"""N/A"""	2821
2017-10-04 12:38:00	3	28.585	28.585	28.58	28.58	"""N/A"""	141
2017-10-04 12:39:00	3	28.585	28.585	28.58	28.585	"""N/A"""	93
2017-10-04 12:40:00	3	28.585	28.59	28.58	28.59	"""N/A"""	2324
2017-10-04 12:41:00	3	28.59	28.59	28.585	28.585	"""N/A"""	65
2017-10-04 12:42:00	3	28.585	28.59	28.58	28.58	"""N/A"""	87
2017-10-04 12:43:00	3	28.585	28.585	28.585	28.585	"""N/A"""	625
2017-10-04 12:44:00	3	28.585	28.59	28.58	28.585	"""N/A"""	2387
2017-10-04 12:45:00	3	28.585	28.59	28.585	28.585	"""N/A"""	1290
2017-10-04 12:46:00	3	28.585	28.585	28.58	28.585	"""N/A"""	842
2017-10-04 12:47:00	3	28.585	28.585	28.58	28.585	"""N/A"""	1282
2017-10-04 12:48:00	3	28.59	28.59	28.58	28.585	"""N/A"""	956
2017-10-04 12:49:00	3	28.59	28.59	28.58	28.59	"""N/A"""	338
2017-10-04 12:50:00	3	28.585	28.585	28.585	28.585	"""N/A"""	810
2017-10-04 12:51:00	3	28.59	28.59	28.58	28.59	"""N/A"""	319
2017-10-04 12:52:00	3	28.59	28.59	28.585	28.585	"""N/A"""	1687
2017-10-04 12:53:00	3	28.59	28.6	28.59	28.59	"""N/A"""	9585
2017-10-04 12:54:00	3	28.59	28.6	28.59	28.595	"""N/A"""	2816
2017-10-04 12:55:00	3	28.59	28.595	28.59	28.59	"""N/A"""	2333
2017-10-04 12:56:00	3	28.595	28.6	28.59	28.59	"""N/A"""	560
2017-10-04 12:57:00	3	28.59	28.595	28.59	28.59	"""N/A"""	285
2017-10-04 12:58:00	3	28.6	28.6	28.59	28.59	"""N/A"""	1708
2017-10-04 12:59:00	3	28.6	28.605	28.59	28.605	"""N/A"""	14827
2017-10-04 13:00:00	3	28.61	28.61	28.59	28.6	"""N/A"""	4385
2017-10-04 13:01:00	3	28.6	28.61	28.6	28.61	"""N/A"""	4639
2017-10-04 13:02:00	3	28.605	28.605	28.6	28.605	"""N/A"""	239
2017-10-04 13:03:00	3	28.61	28.62	28.6	28.62	"""N/A"""	6434
2017-10-04 13:04:00	3	28.62	28.625	28.61	28.62	"""N/A"""	6971
2017-10-04 13:05:00	3	28.615	28.62	28.61	28.62	"""N/A"""	1121
2017-10-04 13:06:00	3	28.62	28.63	28.62	28.63	"""N/A"""	4905
2017-10-04 13:07:00	3	28.635	28.645	28.63	28.64	"""N/A"""	1885
2017-10-04 13:08:00	3	28.64	28.645	28.64	28.645	"""N/A"""	248
2017-10-04 13:09:00	3	28.64	28.65	28.64	28.645	"""N/A"""	440
2017-10-04 13:10:00	3	28.645	28.645	28.64	28.64	"""N/A"""	345
2017-10-04 13:11:00	3	28.645	28.645	28.64	28.645	"""N/A"""	1788
2017-10-04 13:12:00	3	28.645	28.645	28.64	28.645	"""N/A"""	3978
2017-10-04 13:13:00	3	28.65	28.65	28.64	28.64	"""N/A"""	1072
2017-10-04 13:14:00	3	28.64	28.645	28.64	28.64	"""N/A"""	472
2017-10-04 13:15:00	3	28.645	28.65	28.64	28.645	"""N/A"""	351
2017-10-04 13:16:00	3	28.64	28.645	28.64	28.645	"""N/A"""	1022
2017-10-04 13:17:00	3	28.645	28.65	28.64	28.64	"""N/A"""	996
2017-10-04 13:18:00	3	28.64	28.645	28.63	28.635	"""N/A"""	7078
2017-10-04 13:19:00	3	28.635	28.64	28.63	28.635	"""N/A"""	1097
2017-10-04 13:20:00	3	28.635	28.635	28.63	28.63	"""N/A"""	964
2017-10-04 13:21:00	3	28.635	28.635	28.63	28.63	"""N/A"""	936
2017-10-04 13:22:00	3	28.635	28.635	28.63	28.63	"""N/A"""	762
2017-10-04 13:23:00	3	28.63	28.635	28.63	28.635	"""N/A"""	428
2017-10-04 13:24:00	3	28.63	28.635	28.63	28.63	"""N/A"""	1852
2017-10-04 13:25:00	3	28.63	28.635	28.62	28.62	"""N/A"""	5502
2017-10-04 13:26:00	3	28.62	28.635	28.62	28.63	"""N/A"""	2534
2017-10-04 13:27:00	3	28.635	28.64	28.63	28.63	"""N/A"""	400
2017-10-04 13:28:00	3	28.635	28.635	28.63	28.635	"""N/A"""	2136
2017-10-04 13:29:00	3	28.635	28.635	28.63	28.63	"""N/A"""	746
2017-10-04 13:30:00	3	28.635	28.64	28.63	28.63	"""N/A"""	677
2017-10-04 13:31:00	3	28.635	28.635	28.63	28.63	"""N/A"""	387
2017-10-04 13:32:00	3	28.635	28.635	28.63	28.635	"""N/A"""	2327
2017-10-04 13:33:00	3	28.635	28.64	28.63	28.635	"""N/A"""	3427
2017-10-04 13:34:00	3	28.635	28.64	28.63	28.635	"""N/A"""	686
2017-10-04 13:35:00	3	28.635	28.635	28.63	28.63	"""N/A"""	2812
2017-10-04 13:36:00	3	28.63	28.635	28.63	28.63	"""N/A"""	1167
2017-10-04 13:37:00	3	28.635	28.635	28.63	28.63	"""N/A"""	936
2017-10-04 13:38:00	3	28.635	28.635	28.63	28.63	"""N/A"""	764
2017-10-04 13:39:00	3	28.635	28.635	28.63	28.635	"""N/A"""	984
2017-10-04 13:40:00	3	28.63	28.635	28.63	28.63	"""N/A"""	1015
2017-10-04 13:41:00	3	28.635	28.64	28.63	28.63	"""N/A"""	1382
2017-10-04 13:42:00	3	28.63	28.64	28.63	28.63	"""N/A"""	6548
2017-10-04 13:43:00	3	28.635	28.635	28.63	28.63	"""N/A"""	1032
2017-10-04 13:44:00	3	28.635	28.64	28.62	28.63	"""N/A"""	3101
2017-10-04 13:45:00	3	28.63	28.64	28.63	28.635	"""N/A"""	4606
2017-10-04 13:46:00	3	28.635	28.635	28.63	28.63	"""N/A"""	202
2017-10-04 13:47:00	3	28.63	28.66	28.63	28.655	"""N/A"""	17974
2017-10-04 13:48:00	3	28.655	28.655	28.645	28.645	"""N/A"""	1288
2017-10-04 13:49:00	3	28.645	28.65	28.63	28.64	"""N/A"""	22016
2017-10-04 13:50:00	3	28.635	28.64	28.63	28.635	"""N/A"""	5258
2017-10-04 13:51:00	3	28.635	28.64	28.63	28.635	"""N/A"""	2036
2017-10-04 13:52:00	3	28.64	28.64	28.635	28.64	"""N/A"""	1835
2017-10-04 13:53:00	3	28.64	28.64	28.63	28.635	"""N/A"""	3145
2017-10-04 13:54:00	3	28.64	28.64	28.63	28.64	"""N/A"""	2579
2017-10-04 13:55:00	3	28.63	28.64	28.63	28.64	"""N/A"""	602
2017-10-04 13:56:00	3	28.64	28.64	28.63	28.63	"""N/A"""	2352
2017-10-04 13:57:00	3	28.63	28.635	28.63	28.635	"""N/A"""	8170
2017-10-04 13:58:00	3	28.635	28.635	28.63	28.635	"""N/A"""	350
2017-10-04 13:59:00	3	28.63	28.635	28.63	28.635	"""N/A"""	1979
2017-10-04 14:00:00	3	28.64	28.64	28.63	28.635	"""N/A"""	487
2017-10-04 14:01:00	3	28.635	28.64	28.63	28.635	"""N/A"""	4676
2017-10-04 14:02:00	3	28.635	28.635	28.635	28.635	"""N/A"""	172
2017-10-04 14:03:00	3	28.63	28.635	28.63	28.63	"""N/A"""	1816
2017-10-04 14:04:00	3	28.63	28.635	28.63	28.63	"""N/A"""	340
2017-10-04 14:05:00	3	28.635	28.635	28.63	28.63	"""N/A"""	1581
2017-10-04 14:06:00	3	28.63	28.635	28.63	28.635	"""N/A"""	681
2017-10-04 14:07:00	3	28.63	28.635	28.63	28.635	"""N/A"""	669
2017-10-04 14:08:00	3	28.635	28.64	28.63	28.64	"""N/A"""	3623
2017-10-04 14:09:00	3	28.63	28.64	28.63	28.63	"""N/A"""	3511
2017-10-04 14:10:00	3	28.63	28.64	28.62	28.635	"""N/A"""	2552
2017-10-04 14:11:00	3	28.635	28.64	28.63	28.64	"""N/A"""	550
2017-10-04 14:12:00	3	28.63	28.635	28.63	28.635	"""N/A"""	333
2017-10-04 14:13:00	3	28.635	28.64	28.63	28.63	"""N/A"""	1528
2017-10-04 14:14:00	3	28.63	28.64	28.63	28.63	"""N/A"""	5103
2017-10-04 14:15:00	3	28.63	28.64	28.62	28.63	"""N/A"""	4249
2017-10-04 14:16:00	3	28.62	28.63	28.62	28.63	"""N/A"""	688
2017-10-04 14:17:00	3	28.63	28.63	28.62	28.62	"""N/A"""	111
2017-10-04 14:18:00	3	28.63	28.63	28.62	28.625	"""N/A"""	244
2017-10-04 14:19:00	3	28.625	28.63	28.62	28.62	"""N/A"""	7045
2017-10-04 14:20:00	3	28.62	28.63	28.62	28.62	"""N/A"""	1710
2017-10-04 14:21:00	3	28.62	28.63	28.62	28.62	"""N/A"""	365
2017-10-04 14:22:00	3	28.62	28.62	28.62	28.62	"""N/A"""	350
2017-10-04 14:23:00	3	28.61	28.62	28.61	28.62	"""N/A"""	185
2017-10-04 14:24:00	3	28.615	28.63	28.615	28.625	"""N/A"""	3370
2017-10-04 14:25:00	3	28.63	28.63	28.62	28.63	"""N/A"""	450
2017-10-04 14:26:00	3	28.62	28.64	28.62	28.635	"""N/A"""	2675
2017-10-04 14:27:00	3	28.635	28.635	28.63	28.635	"""N/A"""	2414
2017-10-04 14:28:00	3	28.63	28.635	28.63	28.635	"""N/A"""	1759
2017-10-04 14:29:00	3	28.63	28.635	28.63	28.635	"""N/A"""	591
2017-10-04 14:30:00	3	28.63	28.635	28.63	28.63	"""N/A"""	2783
2017-10-04 14:31:00	3	28.63	28.64	28.62	28.63	"""N/A"""	980
2017-10-04 14:32:00	3	28.62	28.63	28.62	28.63	"""N/A"""	773
2017-10-04 14:33:00	3	28.625	28.64	28.625	28.64	"""N/A"""	35805
2017-10-04 14:34:00	3	28.63	28.635	28.63	28.635	"""N/A"""	408
2017-10-04 14:35:00	3	28.63	28.635	28.63	28.63	"""N/A"""	1044
2017-10-04 14:36:00	3	28.635	28.635	28.63	28.63	"""N/A"""	3973
2017-10-04 14:37:00	3	28.63	28.63	28.63	28.63	"""N/A"""	1498
2017-10-04 14:38:00	3	28.625	28.625	28.625	28.625	"""N/A"""	62
2017-10-04 14:39:00	3	28.63	28.63	28.625	28.63	"""N/A"""	372
2017-10-04 14:40:00	3	28.625	28.625	28.625	28.625	"""N/A"""	265
2017-10-04 14:41:00	3	28.625	28.625	28.625	28.625	"""N/A"""	47
2017-10-04 14:42:00	3	28.625	28.63	28.625	28.625	"""N/A"""	2472
2017-10-04 14:43:00	3	28.63	28.63	28.625	28.63	"""N/A"""	372
2017-10-04 14:44:00	3	28.625	28.635	28.625	28.63	"""N/A"""	3882
2017-10-04 14:45:00	3	28.635	28.635	28.635	28.635	"""N/A"""	50
2017-10-04 14:46:00	3	28.635	28.635	28.63	28.63	"""N/A"""	5272
2017-10-04 14:47:00	3	28.63	28.63	28.62	28.62	"""N/A"""	95
2017-10-04 14:48:00	3	28.63	28.63	28.62	28.625	"""N/A"""	1657
2017-10-04 14:49:00	3	28.62	28.625	28.62	28.625	"""N/A"""	151
2017-10-04 14:50:00	3	28.625	28.625	28.62	28.625	"""N/A"""	270
2017-10-04 14:51:00	3	28.62	28.625	28.62	28.625	"""N/A"""	6336
2017-10-04 14:52:00	3	28.62	28.625	28.62	28.62	"""N/A"""	198
2017-10-04 14:53:00	3	28.62	28.62	28.62	28.62	"""N/A"""	2465
2017-10-04 14:54:00	3	28.625	28.63	28.625	28.63	"""N/A"""	436
2017-10-04 14:55:00	3	28.62	28.63	28.62	28.63	"""N/A"""	385
2017-10-04 14:56:00	3	28.625	28.63	28.62	28.62	"""N/A"""	381
2017-10-04 14:57:00	3	28.63	28.63	28.62	28.625	"""N/A"""	255
2017-10-04 14:58:00	3	28.625	28.63	28.62	28.625	"""N/A"""	424
2017-10-04 14:59:00	3	28.625	28.63	28.61	28.62	"""N/A"""	5540
2017-10-04 15:00:00	3	28.62	28.64	28.61	28.64	"""N/A"""	6397
2017-10-04 15:01:00	3	28.63	28.64	28.625	28.63	"""N/A"""	2843
2017-10-04 15:02:00	3	28.63	28.64	28.63	28.64	"""N/A"""	2809
2017-10-04 15:03:00	3	28.63	28.63	28.63	28.63	"""N/A"""	644
2017-10-04 15:04:00	3	28.63	28.635	28.63	28.635	"""N/A"""	870
2017-10-04 15:05:00	3	28.635	28.64	28.635	28.635	"""N/A"""	5047
2017-10-04 15:06:00	3	28.635	28.65	28.635	28.64	"""N/A"""	3762
2017-10-04 15:07:00	3	28.65	28.65	28.635	28.645	"""N/A"""	4726
2017-10-04 15:08:00	3	28.645	28.65	28.64	28.645	"""N/A"""	2447
2017-10-04 15:09:00	3	28.645	28.645	28.64	28.645	"""N/A"""	125
2017-10-04 15:10:00	3	28.645	28.66	28.645	28.655	"""N/A"""	8970
2017-10-04 15:11:00	3	28.655	28.655	28.64	28.655	"""N/A"""	10360
2017-10-04 15:12:00	3	28.65	28.655	28.65	28.655	"""N/A"""	580
2017-10-04 15:13:00	3	28.65	28.655	28.65	28.65	"""N/A"""	6990
2017-10-04 15:14:00	3	28.65	28.655	28.65	28.655	"""N/A"""	485
2017-10-04 15:15:00	3	28.655	28.66	28.64	28.66	"""N/A"""	6683
2017-10-04 15:16:00	3	28.655	28.655	28.65	28.655	"""N/A"""	2164
2017-10-04 15:17:00	3	28.65	28.65	28.64	28.65	"""N/A"""	7000
2017-10-04 15:18:00	3	28.655	28.655	28.65	28.65	"""N/A"""	608
2017-10-04 15:19:00	3	28.65	28.655	28.65	28.655	"""N/A"""	293
2017-10-04 15:20:00	3	28.655	28.66	28.65	28.65	"""N/A"""	1520
2017-10-04 15:21:00	3	28.65	28.66	28.65	28.65	"""N/A"""	1734
2017-10-04 15:22:00	3	28.655	28.66	28.65	28.655	"""N/A"""	185
2017-10-04 15:23:00	3	28.655	28.655	28.65	28.65	"""N/A"""	1775
2017-10-04 15:24:00	3	28.65	28.66	28.65	28.65	"""N/A"""	604
2017-10-04 15:25:00	3	28.655	28.66	28.65	28.66	"""N/A"""	5460
2017-10-04 15:26:00	3	28.66	28.665	28.66	28.665	"""N/A"""	5315
2017-10-04 15:27:00	3	28.66	28.665	28.66	28.665	"""N/A"""	2101
2017-10-04 15:28:00	3	28.66	28.68	28.66	28.67	"""N/A"""	5497
2017-10-04 15:29:00	3	28.67	28.675	28.665	28.675	"""N/A"""	6090
2017-10-04 15:30:00	3	28.67	28.67	28.665	28.67	"""N/A"""	888
2017-10-04 15:31:00	3	28.67	28.69	28.67	28.68	"""N/A"""	8591
2017-10-04 15:32:00	3	28.67	28.68	28.67	28.68	"""N/A"""	2320
2017-10-04 15:33:00	3	28.68	28.68	28.67	28.67	"""N/A"""	4622
2017-10-04 15:34:00	3	28.67	28.68	28.67	28.67	"""N/A"""	3024
2017-10-04 15:35:00	3	28.67	28.68	28.67	28.67	"""N/A"""	1903
2017-10-04 15:36:00	3	28.67	28.68	28.67	28.675	"""N/A"""	4793
2017-10-04 15:37:00	3	28.675	28.68	28.67	28.67	"""N/A"""	2929
2017-10-04 15:38:00	3	28.67	28.68	28.67	28.67	"""N/A"""	1957
2017-10-04 15:39:00	3	28.67	28.675	28.67	28.67	"""N/A"""	1218
2017-10-04 15:40:00	3	28.67	28.68	28.67	28.67	"""N/A"""	3964
2017-10-04 15:41:00	3	28.67	28.68	28.665	28.67	"""N/A"""	7886
2017-10-04 15:42:00	3	28.67	28.68	28.67	28.67	"""N/A"""	6474
2017-10-04 15:43:00	3	28.67	28.675	28.67	28.67	"""N/A"""	2702
2017-10-04 15:44:00	3	28.67	28.68	28.67	28.675	"""N/A"""	3596
2017-10-04 15:45:00	3	28.675	28.69	28.67	28.675	"""N/A"""	6353
2017-10-04 15:46:00	3	28.68	28.69	28.67	28.68	"""N/A"""	14554
2017-10-04 15:47:00	3	28.68	28.69	28.675	28.68	"""N/A"""	25661
2017-10-04 15:48:00	3	28.68	28.69	28.68	28.685	"""N/A"""	4337
2017-10-04 15:49:00	3	28.685	28.685	28.68	28.68	"""N/A"""	1485
2017-10-04 15:50:00	3	28.685	28.69	28.68	28.69	"""N/A"""	5733
2017-10-04 15:51:00	3	28.68	28.69	28.675	28.68	"""N/A"""	13364
2017-10-04 15:52:00	3	28.69	28.69	28.68	28.68	"""N/A"""	7348
2017-10-04 15:53:00	3	28.69	28.69	28.68	28.69	"""N/A"""	20140
2017-10-04 15:54:00	3	28.68	28.69	28.68	28.68	"""N/A"""	20793
2017-10-04 15:55:00	3	28.68	28.685	28.68	28.68	"""N/A"""	18750
2017-10-04 15:56:00	3	28.68	28.685	28.68	28.68	"""N/A"""	9849
2017-10-04 15:57:00	3	28.68	28.685	28.68	28.685	"""N/A"""	8026
2017-10-04 15:58:00	3	28.68	28.69	28.68	28.69	"""N/A"""	2326
2017-10-04 15:59:00	3	28.69	28.69	28.68	28.68	"""N/A"""	6369
2017-10-04 16:00:00	3	28.69	28.7	28.68	28.7	"""N/A"""	8312
2017-10-05 10:09:00	3	28.78	28.78	28.78	28.78	"""N/A"""	79139
2017-10-05 10:10:00	3	28.72	28.73	28.675	28.69	"""N/A"""	16887
2017-10-05 10:11:00	3	28.66	28.69	28.65	28.66	"""N/A"""	12119
2017-10-05 10:12:00	3	28.65	28.67	28.6	28.6	"""N/A"""	15443
2017-10-05 10:13:00	3	28.6	28.64	28.6	28.62	"""N/A"""	4010
2017-10-05 10:14:00	3	28.63	28.64	28.63	28.64	"""N/A"""	8336
2017-10-05 10:15:00	3	28.62	28.63	28.61	28.62	"""N/A"""	3007
2017-10-05 10:16:00	3	28.61	28.62	28.6	28.62	"""N/A"""	2324
2017-10-05 10:17:00	3	28.61	28.61	28.575	28.58	"""N/A"""	22175
2017-10-05 10:18:00	3	28.58	28.59	28.575	28.58	"""N/A"""	6994
2017-10-05 10:19:00	3	28.59	28.59	28.58	28.59	"""N/A"""	2545
2017-10-05 10:20:00	3	28.57	28.57	28.51	28.52	"""N/A"""	30928
2017-10-05 10:21:00	3	28.52	28.54	28.51	28.52	"""N/A"""	10256
2017-10-05 10:22:00	3	28.53	28.55	28.53	28.55	"""N/A"""	5895
2017-10-05 10:23:00	3	28.54	28.54	28.52	28.52	"""N/A"""	2028
2017-10-05 10:24:00	3	28.51	28.53	28.5	28.53	"""N/A"""	13156
2017-10-05 10:25:00	3	28.53	28.55	28.53	28.545	"""N/A"""	3960
2017-10-05 10:26:00	3	28.55	28.56	28.545	28.56	"""N/A"""	4407
2017-10-05 10:27:00	3	28.56	28.56	28.54	28.56	"""N/A"""	9744
2017-10-05 10:28:00	3	28.56	28.565	28.56	28.565	"""N/A"""	2548
2017-10-05 10:29:00	3	28.565	28.565	28.55	28.565	"""N/A"""	5710
2017-10-05 10:30:00	3	28.565	28.58	28.565	28.57	"""N/A"""	3560
2017-10-05 10:31:00	3	28.58	28.595	28.58	28.595	"""N/A"""	2540
2017-10-05 10:32:00	3	28.6	28.62	28.6	28.61	"""N/A"""	3100
2017-10-05 10:33:00	3	28.62	28.62	28.6	28.6	"""N/A"""	3509
2017-10-05 10:34:00	3	28.6	28.62	28.595	28.62	"""N/A"""	3711
2017-10-05 10:35:00	3	28.63	28.64	28.62	28.64	"""N/A"""	3822
2017-10-05 10:36:00	3	28.64	28.64	28.63	28.63	"""N/A"""	1400
2017-10-05 10:37:00	3	28.63	28.63	28.61	28.62	"""N/A"""	2839
2017-10-05 10:38:00	3	28.61	28.61	28.6	28.6	"""N/A"""	814
2017-10-05 10:39:00	3	28.6	28.61	28.6	28.6	"""N/A"""	749
2017-10-05 10:40:00	3	28.61	28.62	28.61	28.62	"""N/A"""	3509
2017-10-05 10:41:00	3	28.62	28.62	28.62	28.62	"""N/A"""	8
2017-10-05 10:42:00	3	28.615	28.63	28.61	28.62	"""N/A"""	3572
2017-10-05 10:43:00	3	28.61	28.64	28.61	28.63	"""N/A"""	3353
2017-10-05 10:44:00	3	28.62	28.64	28.62	28.63	"""N/A"""	3194
2017-10-05 10:45:00	3	28.63	28.63	28.61	28.61	"""N/A"""	3522
2017-10-05 10:46:00	3	28.62	28.62	28.61	28.61	"""N/A"""	4948
2017-10-05 10:47:00	3	28.62	28.63	28.61	28.62	"""N/A"""	2871
2017-10-05 10:48:00	3	28.615	28.63	28.615	28.63	"""N/A"""	3975
2017-10-05 10:49:00	3	28.63	28.63	28.63	28.63	"""N/A"""	558
2017-10-05 10:50:00	3	28.63	28.63	28.615	28.615	"""N/A"""	3322
2017-10-05 10:51:00	3	28.615	28.615	28.6	28.6	"""N/A"""	903
2017-10-05 10:52:00	3	28.61	28.61	28.61	28.61	"""N/A"""	3597
2017-10-05 10:53:00	3	28.61	28.63	28.61	28.62	"""N/A"""	1987
2017-10-05 10:54:00	3	28.63	28.63	28.62	28.63	"""N/A"""	1381
2017-10-05 10:55:00	3	28.62	28.63	28.62	28.62	"""N/A"""	32
2017-10-05 10:56:00	3	28.63	28.63	28.62	28.62	"""N/A"""	2211
2017-10-05 10:57:00	3	28.62	28.63	28.62	28.63	"""N/A"""	1757
2017-10-05 10:58:00	3	28.63	28.63	28.625	28.63	"""N/A"""	1910
2017-10-05 10:59:00	3	28.63	28.635	28.625	28.63	"""N/A"""	2190
2017-10-05 11:00:00	3	28.63	28.64	28.63	28.64	"""N/A"""	2602
2017-10-05 11:01:00	3	28.63	28.63	28.62	28.625	"""N/A"""	2672
2017-10-05 11:02:00	3	28.625	28.625	28.615	28.62	"""N/A"""	845
2017-10-05 11:03:00	3	28.615	28.62	28.615	28.62	"""N/A"""	3570
2017-10-05 11:04:00	3	28.62	28.62	28.61	28.61	"""N/A"""	349
2017-10-05 11:05:00	3	28.61	28.61	28.61	28.61	"""N/A"""	757
2017-10-05 11:06:00	3	28.61	28.62	28.6	28.61	"""N/A"""	5122
2017-10-05 11:07:00	3	28.61	28.61	28.6	28.61	"""N/A"""	184
2017-10-05 11:08:00	3	28.61	28.615	28.6	28.61	"""N/A"""	7704
2017-10-05 11:09:00	3	28.61	28.61	28.61	28.61	"""N/A"""	486
2017-10-05 11:10:00	3	28.62	28.62	28.61	28.61	"""N/A"""	1099
2017-10-05 11:11:00	3	28.61	28.62	28.6	28.62	"""N/A"""	2951
2017-10-05 11:12:00	3	28.62	28.62	28.61	28.61	"""N/A"""	1202
2017-10-05 11:13:00	3	28.6	28.61	28.6	28.61	"""N/A"""	1752
2017-10-05 11:14:00	3	28.61	28.61	28.61	28.61	"""N/A"""	1901
2017-10-05 11:15:00	3	28.605	28.605	28.6	28.6	"""N/A"""	229
2017-10-05 11:16:00	3	28.605	28.61	28.6	28.61	"""N/A"""	9849
2017-10-05 11:17:00	3	28.61	28.61	28.6	28.6	"""N/A"""	4970
2017-10-05 11:18:00	3	28.6	28.6	28.585	28.585	"""N/A"""	2127
2017-10-05 11:19:00	3	28.58	28.6	28.58	28.58	"""N/A"""	5014
2017-10-05 11:20:00	3	28.58	28.58	28.58	28.58	"""N/A"""	884
2017-10-05 11:21:00	3	28.58	28.58	28.575	28.58	"""N/A"""	1610
2017-10-05 11:22:00	3	28.575	28.58	28.575	28.58	"""N/A"""	1407
2017-10-05 11:23:00	3	28.58	28.58	28.58	28.58	"""N/A"""	2
2017-10-05 11:25:00	3	28.59	28.61	28.59	28.61	"""N/A"""	4083
2017-10-05 11:26:00	3	28.61	28.61	28.6	28.6	"""N/A"""	2490
2017-10-05 11:27:00	3	28.605	28.61	28.605	28.61	"""N/A"""	3121
2017-10-05 11:28:00	3	28.61	28.61	28.61	28.61	"""N/A"""	1823
2017-10-05 11:29:00	3	28.61	28.61	28.61	28.61	"""N/A"""	238
2017-10-05 11:30:00	3	28.62	28.62	28.61	28.61	"""N/A"""	909
2017-10-05 11:31:00	3	28.62	28.62	28.62	28.62	"""N/A"""	309
2017-10-05 11:32:00	3	28.61	28.62	28.61	28.62	"""N/A"""	2884
2017-10-05 11:33:00	3	28.62	28.62	28.615	28.62	"""N/A"""	2741
2017-10-05 11:34:00	3	28.615	28.62	28.615	28.62	"""N/A"""	2858
2017-10-05 11:35:00	3	28.61	28.61	28.6	28.6	"""N/A"""	6674
2017-10-05 11:36:00	3	28.6	28.605	28.59	28.605	"""N/A"""	2520
2017-10-05 11:37:00	3	28.6	28.605	28.59	28.59	"""N/A"""	4064
2017-10-05 11:38:00	3	28.59	28.6	28.59	28.59	"""N/A"""	1900
2017-10-05 11:39:00	3	28.59	28.6	28.59	28.6	"""N/A"""	1759
2017-10-05 11:40:00	3	28.605	28.62	28.605	28.62	"""N/A"""	4639
2017-10-05 11:41:00	3	28.62	28.64	28.62	28.64	"""N/A"""	3423
2017-10-05 11:42:00	3	28.63	28.63	28.63	28.63	"""N/A"""	177
2017-10-05 11:44:00	3	28.63	28.63	28.63	28.63	"""N/A"""	2
2017-10-05 11:45:00	3	28.64	28.64	28.62	28.63	"""N/A"""	7301
2017-10-05 11:46:00	3	28.64	28.64	28.64	28.64	"""N/A"""	803
2017-10-05 11:48:00	3	28.64	28.64	28.64	28.64	"""N/A"""	2
2017-10-05 11:49:00	3	28.64	28.64	28.64	28.64	"""N/A"""	24
2017-10-05 11:50:00	3	28.64	28.64	28.625	28.63	"""N/A"""	4459
2017-10-05 11:51:00	3	28.62	28.62	28.62	28.62	"""N/A"""	2653
2017-10-05 11:52:00	3	28.62	28.62	28.61	28.61	"""N/A"""	427
2017-10-05 11:53:00	3	28.62	28.62	28.62	28.62	"""N/A"""	1464
2017-10-05 11:54:00	3	28.61	28.61	28.61	28.61	"""N/A"""	89
2017-10-05 11:55:00	3	28.61	28.615	28.61	28.615	"""N/A"""	1233
2017-10-05 11:56:00	3	28.615	28.615	28.615	28.615	"""N/A"""	112
2017-10-05 11:57:00	3	28.615	28.62	28.615	28.62	"""N/A"""	4472
2017-10-05 11:58:00	3	28.62	28.62	28.615	28.62	"""N/A"""	1450
2017-10-05 11:59:00	3	28.63	28.63	28.62	28.62	"""N/A"""	2459
2017-10-05 12:00:00	3	28.63	28.63	28.625	28.625	"""N/A"""	1332
2017-10-05 12:01:00	3	28.63	28.63	28.63	28.63	"""N/A"""	653
2017-10-05 12:02:00	3	28.63	28.63	28.62	28.62	"""N/A"""	8
2017-10-05 12:03:00	3	28.63	28.63	28.625	28.625	"""N/A"""	2655
2017-10-05 12:04:00	3	28.625	28.63	28.625	28.63	"""N/A"""	1474
2017-10-05 12:05:00	3	28.63	28.63	28.625	28.63	"""N/A"""	1555
2017-10-05 12:06:00	3	28.63	28.63	28.63	28.63	"""N/A"""	375
2017-10-05 12:07:00	3	28.625	28.625	28.62	28.62	"""N/A"""	8043
2017-10-05 12:08:00	3	28.62	28.62	28.61	28.62	"""N/A"""	2274
2017-10-05 12:09:00	3	28.61	28.61	28.605	28.61	"""N/A"""	4934
2017-10-05 12:10:00	3	28.61	28.61	28.61	28.61	"""N/A"""	3006
2017-10-05 12:11:00	3	28.6	28.61	28.6	28.61	"""N/A"""	1502
2017-10-05 12:12:00	3	28.61	28.61	28.595	28.6	"""N/A"""	5611
2017-10-05 12:13:00	3	28.595	28.6	28.595	28.6	"""N/A"""	53
2017-10-05 12:14:00	3	28.59	28.59	28.58	28.58	"""N/A"""	1594
2017-10-05 12:15:00	3	28.58	28.585	28.58	28.585	"""N/A"""	564
2017-10-05 12:16:00	3	28.59	28.59	28.59	28.59	"""N/A"""	1423
2017-10-05 12:17:00	3	28.585	28.585	28.585	28.585	"""N/A"""	86
2017-10-05 12:18:00	3	28.59	28.59	28.585	28.585	"""N/A"""	170
2017-10-05 12:19:00	3	28.59	28.6	28.59	28.6	"""N/A"""	10863
2017-10-05 12:20:00	3	28.605	28.605	28.605	28.605	"""N/A"""	18
2017-10-05 12:21:00	3	28.605	28.605	28.6	28.6	"""N/A"""	766
2017-10-05 12:22:00	3	28.605	28.61	28.605	28.605	"""N/A"""	1844
2017-10-05 12:23:00	3	28.6	28.6	28.6	28.6	"""N/A"""	3741
2017-10-05 12:24:00	3	28.59	28.59	28.59	28.59	"""N/A"""	154
2017-10-05 12:25:00	3	28.6	28.6	28.59	28.59	"""N/A"""	302
2017-10-05 12:26:00	3	28.6	28.6	28.595	28.595	"""N/A"""	1750
2017-10-05 12:27:00	3	28.6	28.61	28.595	28.6	"""N/A"""	5725
2017-10-05 12:28:00	3	28.6	28.6	28.6	28.6	"""N/A"""	383
2017-10-05 12:29:00	3	28.6	28.6	28.6	28.6	"""N/A"""	11
2017-10-05 12:30:00	3	28.595	28.6	28.595	28.6	"""N/A"""	1553
2017-10-05 12:31:00	3	28.595	28.595	28.595	28.595	"""N/A"""	2007
2017-10-05 12:32:00	3	28.59	28.59	28.59	28.59	"""N/A"""	1
2017-10-05 12:33:00	3	28.6	28.6	28.595	28.6	"""N/A"""	139
2017-10-05 12:34:00	3	28.6	28.6	28.595	28.595	"""N/A"""	213
2017-10-05 12:35:00	3	28.595	28.6	28.59	28.595	"""N/A"""	1339
2017-10-05 12:36:00	3	28.6	28.6	28.6	28.6	"""N/A"""	73
2017-10-05 12:37:00	3	28.595	28.6	28.595	28.6	"""N/A"""	1001
2017-10-05 12:38:00	3	28.6	28.6	28.59	28.59	"""N/A"""	109
2017-10-05 12:39:00	3	28.59	28.59	28.59	28.59	"""N/A"""	24
2017-10-05 12:40:00	3	28.6	28.61	28.59	28.61	"""N/A"""	18185
2017-10-05 12:41:00	3	28.62	28.62	28.62	28.62	"""N/A"""	73
2017-10-05 12:42:00	3	28.61	28.62	28.6	28.61	"""N/A"""	4149
2017-10-05 12:43:00	3	28.6	28.6	28.59	28.6	"""N/A"""	3681
2017-10-05 12:45:00	3	28.605	28.605	28.605	28.605	"""N/A"""	295
2017-10-05 12:46:00	3	28.61	28.61	28.6	28.6	"""N/A"""	494
2017-10-05 12:47:00	3	28.605	28.61	28.605	28.61	"""N/A"""	30
2017-10-05 12:48:00	3	28.6	28.61	28.6	28.61	"""N/A"""	54
2017-10-05 12:49:00	3	28.61	28.61	28.6	28.61	"""N/A"""	213
2017-10-05 12:50:00	3	28.61	28.61	28.61	28.61	"""N/A"""	52
2017-10-05 12:51:00	3	28.6	28.6	28.595	28.6	"""N/A"""	5011
2017-10-05 12:52:00	3	28.6	28.6	28.59	28.6	"""N/A"""	2114
2017-10-05 12:53:00	3	28.595	28.595	28.59	28.59	"""N/A"""	3515
2017-10-05 12:54:00	3	28.59	28.59	28.59	28.59	"""N/A"""	398
2017-10-05 12:55:00	3	28.595	28.595	28.595	28.595	"""N/A"""	137
2017-10-05 12:56:00	3	28.59	28.59	28.59	28.59	"""N/A"""	204
2017-10-05 12:57:00	3	28.59	28.59	28.58	28.585	"""N/A"""	2522
2017-10-05 12:58:00	3	28.58	28.58	28.58	28.58	"""N/A"""	3179
2017-10-05 12:59:00	3	28.58	28.58	28.565	28.57	"""N/A"""	7783
2017-10-05 13:00:00	3	28.57	28.57	28.56	28.565	"""N/A"""	972
2017-10-05 13:01:00	3	28.56	28.56	28.555	28.56	"""N/A"""	1230
2017-10-05 13:02:00	3	28.56	28.565	28.55	28.56	"""N/A"""	1440
2017-10-05 13:03:00	3	28.565	28.57	28.56	28.56	"""N/A"""	9023
2017-10-05 13:04:00	3	28.56	28.57	28.55	28.56	"""N/A"""	2598
2017-10-05 13:05:00	3	28.56	28.56	28.56	28.56	"""N/A"""	6
2017-10-05 13:06:00	3	28.56	28.56	28.56	28.56	"""N/A"""	381
2017-10-05 13:07:00	3	28.56	28.56	28.56	28.56	"""N/A"""	82
2017-10-05 13:08:00	3	28.56	28.56	28.56	28.56	"""N/A"""	425
2017-10-05 13:09:00	3	28.565	28.565	28.56	28.56	"""N/A"""	107
2017-10-05 13:10:00	3	28.56	28.56	28.545	28.55	"""N/A"""	4301
2017-10-05 13:11:00	3	28.54	28.54	28.535	28.54	"""N/A"""	3325
2017-10-05 13:12:00	3	28.54	28.54	28.54	28.54	"""N/A"""	704
2017-10-05 13:13:00	3	28.55	28.55	28.54	28.54	"""N/A"""	1746
2017-10-05 13:15:00	3	28.54	28.54	28.54	28.54	"""N/A"""	751
2017-10-05 13:16:00	3	28.545	28.55	28.54	28.55	"""N/A"""	10616
2017-10-05 13:17:00	3	28.56	28.56	28.555	28.555	"""N/A"""	3378
2017-10-05 13:18:00	3	28.56	28.57	28.56	28.57	"""N/A"""	2784
2017-10-05 13:19:00	3	28.57	28.57	28.565	28.57	"""N/A"""	329
2017-10-05 13:21:00	3	28.575	28.58	28.575	28.58	"""N/A"""	2733
2017-10-05 13:22:00	3	28.585	28.59	28.585	28.585	"""N/A"""	30
2017-10-05 13:23:00	3	28.585	28.59	28.585	28.59	"""N/A"""	71
2017-10-05 13:24:00	3	28.59	28.59	28.59	28.59	"""N/A"""	3320
2017-10-05 13:25:00	3	28.6	28.605	28.6	28.605	"""N/A"""	2286
2017-10-05 13:26:00	3	28.61	28.61	28.6	28.6	"""N/A"""	53
2017-10-05 13:27:00	3	28.61	28.61	28.61	28.61	"""N/A"""	1
2017-10-05 13:28:00	3	28.61	28.61	28.61	28.61	"""N/A"""	88
2017-10-05 13:29:00	3	28.605	28.605	28.6	28.6	"""N/A"""	615
2017-10-05 13:30:00	3	28.6	28.6	28.59	28.6	"""N/A"""	6255
2017-10-05 13:31:00	3	28.61	28.61	28.61	28.61	"""N/A"""	874
2017-10-05 13:32:00	3	28.61	28.61	28.61	28.61	"""N/A"""	1636
2017-10-05 13:33:00	3	28.61	28.61	28.61	28.61	"""N/A"""	2418
2017-10-05 13:34:00	3	28.61	28.61	28.605	28.61	"""N/A"""	433
2017-10-05 13:35:00	3	28.605	28.61	28.605	28.61	"""N/A"""	124
2017-10-05 13:36:00	3	28.605	28.605	28.605	28.605	"""N/A"""	63
2017-10-05 13:37:00	3	28.605	28.61	28.605	28.61	"""N/A"""	156
2017-10-05 13:38:00	3	28.61	28.61	28.61	28.61	"""N/A"""	50
2017-10-05 13:39:00	3	28.605	28.61	28.605	28.61	"""N/A"""	160
2017-10-05 13:40:00	3	28.61	28.61	28.605	28.61	"""N/A"""	5838
2017-10-05 13:41:00	3	28.61	28.61	28.605	28.61	"""N/A"""	1813
2017-10-05 13:42:00	3	28.605	28.61	28.605	28.61	"""N/A"""	1970
2017-10-05 13:43:00	3	28.61	28.61	28.61	28.61	"""N/A"""	701
2017-10-05 13:44:00	3	28.61	28.61	28.6	28.6	"""N/A"""	8758
2017-10-05 13:45:00	3	28.6	28.6	28.6	28.6	"""N/A"""	1230
2017-10-05 13:46:00	3	28.6	28.6	28.6	28.6	"""N/A"""	2875
2017-10-05 13:47:00	3	28.6	28.6	28.6	28.6	"""N/A"""	3056
2017-10-05 13:48:00	3	28.605	28.61	28.605	28.61	"""N/A"""	1150
2017-10-05 13:49:00	3	28.605	28.61	28.605	28.61	"""N/A"""	4706
2017-10-05 13:50:00	3	28.605	28.61	28.605	28.605	"""N/A"""	102
2017-10-05 13:51:00	3	28.605	28.61	28.605	28.61	"""N/A"""	749
2017-10-05 13:52:00	3	28.6	28.6	28.6	28.6	"""N/A"""	709
2017-10-05 13:53:00	3	28.61	28.615	28.61	28.61	"""N/A"""	1560
2017-10-05 13:55:00	3	28.615	28.625	28.615	28.625	"""N/A"""	4457
2017-10-05 13:56:00	3	28.625	28.63	28.625	28.63	"""N/A"""	59
2017-10-05 13:57:00	3	28.63	28.63	28.63	28.63	"""N/A"""	34
2017-10-05 13:58:00	3	28.63	28.63	28.63	28.63	"""N/A"""	93
2017-10-05 13:59:00	3	28.63	28.63	28.62	28.62	"""N/A"""	425
2017-10-05 14:00:00	3	28.63	28.63	28.63	28.63	"""N/A"""	228
2017-10-05 14:01:00	3	28.63	28.63	28.63	28.63	"""N/A"""	53
2017-10-05 14:02:00	3	28.63	28.63	28.615	28.62	"""N/A"""	6924
2017-10-05 14:03:00	3	28.62	28.64	28.62	28.63	"""N/A"""	3687
2017-10-05 14:04:00	3	28.63	28.635	28.6	28.62	"""N/A"""	12898
2017-10-05 14:05:00	3	28.62	28.62	28.62	28.62	"""N/A"""	53
2017-10-05 14:06:00	3	28.62	28.62	28.615	28.62	"""N/A"""	3285
2017-10-05 14:07:00	3	28.615	28.615	28.615	28.615	"""N/A"""	387
2017-10-05 14:08:00	3	28.62	28.62	28.62	28.62	"""N/A"""	3220
2017-10-05 14:09:00	3	28.62	28.63	28.615	28.615	"""N/A"""	6725
2017-10-05 14:10:00	3	28.615	28.615	28.615	28.615	"""N/A"""	187
2017-10-05 14:11:00	3	28.61	28.615	28.605	28.61	"""N/A"""	5227
2017-10-05 14:12:00	3	28.61	28.62	28.61	28.62	"""N/A"""	757
2017-10-05 14:13:00	3	28.61	28.61	28.605	28.61	"""N/A"""	4664
2017-10-05 14:14:00	3	28.61	28.61	28.61	28.61	"""N/A"""	4040
2017-10-05 14:15:00	3	28.61	28.62	28.61	28.62	"""N/A"""	7338
2017-10-05 14:17:00	3	28.625	28.625	28.625	28.625	"""N/A"""	52
2017-10-05 14:18:00	3	28.625	28.625	28.625	28.625	"""N/A"""	1
2017-10-05 14:19:00	3	28.63	28.63	28.625	28.625	"""N/A"""	97
2017-10-05 14:20:00	3	28.625	28.63	28.62	28.62	"""N/A"""	986
2017-10-05 14:21:00	3	28.625	28.63	28.62	28.62	"""N/A"""	96
2017-10-05 14:22:00	3	28.625	28.63	28.625	28.63	"""N/A"""	394
2017-10-05 14:23:00	3	28.62	28.625	28.62	28.625	"""N/A"""	202
2017-10-05 14:24:00	3	28.62	28.625	28.62	28.625	"""N/A"""	99
2017-10-05 14:25:00	3	28.625	28.63	28.625	28.63	"""N/A"""	6125
2017-10-05 14:26:00	3	28.63	28.63	28.63	28.63	"""N/A"""	3863
2017-10-05 14:27:00	3	28.63	28.63	28.625	28.63	"""N/A"""	1546
2017-10-05 14:28:00	3	28.63	28.63	28.625	28.63	"""N/A"""	835
2017-10-05 14:29:00	3	28.63	28.63	28.625	28.63	"""N/A"""	1831
2017-10-05 14:30:00	3	28.625	28.625	28.62	28.625	"""N/A"""	3875
2017-10-05 14:31:00	3	28.62	28.63	28.62	28.63	"""N/A"""	3315
2017-10-05 14:32:00	3	28.63	28.63	28.61	28.61	"""N/A"""	4885
2017-10-05 14:33:00	3	28.61	28.62	28.61	28.62	"""N/A"""	4494
2017-10-05 14:34:00	3	28.62	28.62	28.62	28.62	"""N/A"""	848
2017-10-05 14:35:00	3	28.62	28.62	28.62	28.62	"""N/A"""	474
2017-10-05 14:36:00	3	28.62	28.62	28.615	28.615	"""N/A"""	957
2017-10-05 14:37:00	3	28.615	28.625	28.61	28.625	"""N/A"""	2919
2017-10-05 14:38:00	3	28.62	28.62	28.615	28.615	"""N/A"""	1343
2017-10-05 14:39:00	3	28.62	28.62	28.615	28.615	"""N/A"""	447
2017-10-05 14:40:00	3	28.615	28.625	28.615	28.62	"""N/A"""	3129
2017-10-05 14:41:00	3	28.625	28.625	28.625	28.625	"""N/A"""	1
2017-10-05 14:42:00	3	28.625	28.625	28.625	28.625	"""N/A"""	1
2017-10-05 14:43:00	3	28.625	28.625	28.625	28.625	"""N/A"""	20
2017-10-05 14:44:00	3	28.63	28.63	28.62	28.625	"""N/A"""	1783
2017-10-05 14:46:00	3	28.625	28.63	28.62	28.62	"""N/A"""	123
2017-10-05 14:47:00	3	28.625	28.63	28.625	28.63	"""N/A"""	553
2017-10-05 14:48:00	3	28.63	28.63	28.625	28.63	"""N/A"""	71
2017-10-05 14:49:00	3	28.625	28.63	28.625	28.625	"""N/A"""	284
2017-10-05 14:50:00	3	28.63	28.63	28.625	28.63	"""N/A"""	10903
2017-10-05 14:51:00	3	28.63	28.64	28.63	28.64	"""N/A"""	3131
2017-10-05 14:52:00	3	28.64	28.64	28.635	28.635	"""N/A"""	49
2017-10-05 14:53:00	3	28.64	28.64	28.635	28.635	"""N/A"""	779
2017-10-05 14:54:00	3	28.635	28.64	28.635	28.64	"""N/A"""	208
2017-10-05 14:55:00	3	28.635	28.64	28.635	28.635	"""N/A"""	196
2017-10-05 14:56:00	3	28.635	28.64	28.635	28.64	"""N/A"""	122
2017-10-05 14:57:00	3	28.64	28.64	28.635	28.635	"""N/A"""	3297
2017-10-05 14:58:00	3	28.64	28.645	28.635	28.64	"""N/A"""	5515
2017-10-05 14:59:00	3	28.635	28.65	28.635	28.65	"""N/A"""	2539
2017-10-05 15:00:00	3	28.645	28.65	28.645	28.65	"""N/A"""	127
2017-10-05 15:01:00	3	28.64	28.64	28.635	28.64	"""N/A"""	8676
2017-10-05 15:02:00	3	28.63	28.63	28.63	28.63	"""N/A"""	10113
2017-10-05 15:03:00	3	28.625	28.63	28.625	28.63	"""N/A"""	1539
2017-10-05 15:04:00	3	28.625	28.63	28.625	28.63	"""N/A"""	2518
2017-10-05 15:05:00	3	28.63	28.63	28.63	28.63	"""N/A"""	847
2017-10-05 15:06:00	3	28.63	28.63	28.62	28.63	"""N/A"""	1772
2017-10-05 15:07:00	3	28.63	28.63	28.625	28.625	"""N/A"""	3028
2017-10-05 15:08:00	3	28.63	28.63	28.625	28.625	"""N/A"""	411
2017-10-05 15:09:00	3	28.63	28.63	28.62	28.62	"""N/A"""	475
2017-10-05 15:10:00	3	28.625	28.63	28.625	28.63	"""N/A"""	799
2017-10-05 15:11:00	3	28.63	28.63	28.625	28.63	"""N/A"""	738
2017-10-05 15:12:00	3	28.625	28.63	28.625	28.625	"""N/A"""	626
2017-10-05 15:13:00	3	28.625	28.625	28.62	28.62	"""N/A"""	7299
2017-10-05 15:14:00	3	28.625	28.625	28.61	28.62	"""N/A"""	6768
2017-10-05 15:15:00	3	28.615	28.615	28.61	28.61	"""N/A"""	1025
2017-10-05 15:16:00	3	28.61	28.61	28.6	28.6	"""N/A"""	4933
2017-10-05 15:17:00	3	28.6	28.6	28.6	28.6	"""N/A"""	1562
2017-10-05 15:18:00	3	28.605	28.61	28.6	28.6	"""N/A"""	2793
2017-10-05 15:19:00	3	28.605	28.605	28.595	28.6	"""N/A"""	4272
2017-10-05 15:20:00	3	28.605	28.605	28.6	28.6	"""N/A"""	1860
2017-10-05 15:21:00	3	28.6	28.605	28.59	28.59	"""N/A"""	2285
2017-10-05 15:22:00	3	28.595	28.605	28.59	28.605	"""N/A"""	13670
2017-10-05 15:23:00	3	28.605	28.605	28.6	28.6	"""N/A"""	2915
2017-10-05 15:24:00	3	28.595	28.6	28.595	28.6	"""N/A"""	1182
2017-10-05 15:25:00	3	28.605	28.61	28.6	28.6	"""N/A"""	85
2017-10-05 15:26:00	3	28.605	28.61	28.605	28.61	"""N/A"""	206
2017-10-05 15:27:00	3	28.605	28.61	28.6	28.6	"""N/A"""	530
2017-10-05 15:28:00	3	28.6	28.61	28.6	28.6	"""N/A"""	2028
2017-10-05 15:29:00	3	28.605	28.61	28.6	28.6	"""N/A"""	1118
2017-10-05 15:30:00	3	28.605	28.605	28.59	28.59	"""N/A"""	10895
2017-10-05 15:31:00	3	28.595	28.6	28.59	28.6	"""N/A"""	16559
2017-10-05 15:32:00	3	28.6	28.6	28.595	28.6	"""N/A"""	740
2017-10-05 15:33:00	3	28.595	28.595	28.585	28.595	"""N/A"""	5438
2017-10-05 15:34:00	3	28.595	28.6	28.595	28.6	"""N/A"""	254
2017-10-05 15:35:00	3	28.59	28.595	28.59	28.595	"""N/A"""	57
2017-10-05 15:36:00	3	28.59	28.59	28.58	28.585	"""N/A"""	6818
2017-10-05 15:37:00	3	28.58	28.585	28.57	28.58	"""N/A"""	3453
2017-10-05 15:38:00	3	28.57	28.575	28.57	28.57	"""N/A"""	3121
2017-10-05 15:39:00	3	28.57	28.57	28.56	28.56	"""N/A"""	2058
2017-10-05 15:40:00	3	28.56	28.56	28.55	28.555	"""N/A"""	14105
2017-10-05 15:41:00	3	28.55	28.56	28.55	28.56	"""N/A"""	16015
2017-10-05 15:42:00	3	28.56	28.57	28.555	28.565	"""N/A"""	10275
2017-10-05 15:43:00	3	28.565	28.57	28.56	28.57	"""N/A"""	5236
2017-10-05 15:44:00	3	28.57	28.585	28.565	28.58	"""N/A"""	10455
2017-10-05 15:45:00	3	28.59	28.6	28.59	28.6	"""N/A"""	8158
2017-10-05 15:46:00	3	28.59	28.59	28.585	28.585	"""N/A"""	8783
2017-10-05 15:47:00	3	28.585	28.59	28.585	28.59	"""N/A"""	570
2017-10-05 15:48:00	3	28.585	28.59	28.585	28.59	"""N/A"""	2006
2017-10-05 15:49:00	3	28.585	28.59	28.585	28.585	"""N/A"""	2205
2017-10-05 15:50:00	3	28.585	28.59	28.58	28.59	"""N/A"""	3046
2017-10-05 15:51:00	3	28.585	28.59	28.585	28.59	"""N/A"""	3367
2017-10-05 15:52:00	3	28.58	28.59	28.58	28.585	"""N/A"""	4667
2017-10-05 15:53:00	3	28.585	28.59	28.58	28.585	"""N/A"""	5457
2017-10-05 15:54:00	3	28.585	28.59	28.585	28.585	"""N/A"""	1342
2017-10-05 15:55:00	3	28.585	28.59	28.58	28.585	"""N/A"""	4936
2017-10-05 15:56:00	3	28.585	28.59	28.58	28.59	"""N/A"""	10765
2017-10-05 15:57:00	3	28.585	28.585	28.57	28.575	"""N/A"""	7830
2017-10-05 15:58:00	3	28.57	28.58	28.57	28.58	"""N/A"""	13158
2017-10-05 15:59:00	3	28.57	28.58	28.57	28.57	"""N/A"""	2308
2017-10-05 16:00:00	3	28.57	28.58	28.56	28.58	"""N/A"""	13412
